nome;insc;org;sitio;detalhes;imagem;link;datai;dataf;horain;horaf;topico;nivel
PYFF6 - 6º Congresso de Fisiologia de Leveduras e Fungos Filamentosos;0;Instituto Superior Técnico;IST;"Na sequência de edições anteriores, o 6º congresso internacional em Fisiologia de Leveduras e Fungos Filamentosos (PYFF6- 6th Conference on Physiology of Yeast and Filamentous Fungi) realizar-se-á este ano no Centro de Congressos do Instituto Superior Técnico, Universidade de Lisboa, entre os dias 11 e 14 de julho de 2016.

Este evento reunirá um vasto leque de investigadores dedicados ao estudo e à exploração de leveduras e fungos filamentosos nas vertentes da biotecnologia, industria e saúde, sob os auspícios da Secção de Fisiologia Microbiana da EFB (European Federation of Biotechnology), e com o apoio da FEMS (Federation of European Microbiological Societies). Este encontro é uma importante plataforma para todos os que trabalham nesta vasta área científica e uma oportunidade para jovens investigadores apresentarem e discutirem o seu trabalho, bem como ampliarem a sua rede de colaborações, tão importante para o desenvolvimento de trabalho interdisciplinar de relevância. ";https://fenix.tecnico.ulisboa.pt/downloadFile/563568428731578/top_banner_ULIsboa.jpg;http://tecnico.ulisboa.pt/pt/eventos/2016/2/PYFF6___6_Congresso_de_Fisiologia_de_Leveduras_e_Fungos_Filamentosos;11/07/2016;14/07/2016;09:00;20:00;Biologia, Química, Medicina;4
INESC-ID Distinguished Lecture Series - Pedro Domingos;0;Instituto Superior Técnico, INESC-ID;Anfiteatro VA1, Técnico - Campus Alameda;"No âmbito das INESC-ID Distinguished Lecture Series, irá realizar-se, no dia 27 de junho, pelas 14h30, uma palestra por Pedro Domingos (University of Washington), com o tema ""The Five Tribes of Machine Learning, and What You Can Take from Each"".";http://web.tecnico.ulisboa.pt/franciscocsantos/imgs/ist.jpg;http://tecnico.ulisboa.pt/pt/eventos/2016/5/INESC_ID_Distinguished_Lecture_Series___Pedro_Domingos;27/06/2016;27/06/2016;14:30;15:30;Informática;4
"Solos superficiais das ilhas vulcânicas de Santiago, Fogo e Brava (Cabo Verde)
";0;Instituto Superior Técnico - Campus Tecnológico e Nuclear;Auditório do CTN-IST, Polode Loures, Bobadela;Realiza-se, entre 18 de março e 21 de julho, o Ciclo de seminários Primavera/Verão 2016 do Centro de Ciências e Tecnologias Nucleares (C2TN) do IST.;http://web.tecnico.ulisboa.pt/franciscocsantos/imgs/ist.jpg;http://tecnico.ulisboa.pt/pt/eventos/2016/3/Ciclo_de_seminarios_Primaveraerao_2016_C2TN;23/06/2016;23/06/2016;11:00;12:00;Química;4
2ª UT Austin|Portugal Summer School;1;Instituto Superior Técnico;Hotel Ever Caparica – Beach and Conference Hotel;"We invite doctoral and senior undergraduate/master's students to participate in the Portugal | UT Austin Summer School in systems and networking, which is co-located with the spring event for the Erasmus Mundus Joint Doctorate in Distributed Computing. The school will consist of two days of lectures by renowned researchers on selected topics in the broad area of systems and networking. In addition, students will have the opportunity to present a poster about their research and ample time to engage in discussion with all the participants.

The summer school will take place in Costa da Caparica, a beach located a few kilometers south of Lisbon, easily reachable by taxi from the Lisbon airport.

Students interested in participating in the summer school should send a short cv and a 1-page abstract of the research problem they are either working on or interested in addressing to summerschool16@gsd.inesc-id.pt.

Application deadline (round 1): May 6, 2016 (3pm CEST). After this deadline, applications will be accepted only if there is space available.";http://www.gsd.inesc-id.pt/~ut-austin-pt-emjd-dc-school/logo-ut.gif;http://www.gsd.inesc-id.pt/~ut-austin-pt-emjd-dc-school/;01/06/2016;03/06/2016;10:00;19:00;Informática, Electronica;5
"Lançamento do livro ""Manuel Abreu Faro - a criar bases para a ciência em Portugal""";0;Instituto Superior Técnico;Anfiteatro Abreu Faro, Complexo Interdisciplinar;"O lançamento do livro “Manuel Abreu Faro – a criar bases para a ciência em Portugal” terá lugar no próximo dia 23 de maio, pelas 19h00, no anfiteatro Abreu Faro, no Complexo Interdisciplinar I, numa sessão sequencial à sessão solene da comemoração dos 105 anos do Técnico.

Manuel José Castro Petrony d´Abreu Faro foi uma personalidade marcante na segunda metade do séc. 20. Docente brilhante, capaz de passar aos alunos todo o entusiasmo que sentia pelas telecomunicações, Abreu Faro nunca se considerou um cientista. Segundo as suas próprias palavras “Estudei, tentei perceber, ensinei o melhor que soube. Mas procurei tudo fazer para que outros, para que vocês, meus alunos, fossem para fora, aprendessem a fazer ciência, a ser cientistas, e talvez um dia a fazer ciência em Portugal.”
";http://web.tecnico.ulisboa.pt/franciscocsantos/imgs/ist.jpg;"http://tecnico.ulisboa.pt/pt/eventos/2016/5/Lancamento_do_livro_34anuel_Abreu_Faro___a_criar_bases_para_a_ciencia_em_Portugal34;";23/05/2016;23/05/2016;19:00;20:00;;3
Keep In Touch | Técnico Alumni Network;0;Instituto Superior Técnico;Átrio interno do Pavilhão Central ;"No dia em que o Instituto Superior Técnico assinala 105 anos de existência e 80 anos no campus Alameda, queremos marcar este novo século de existência convidando os Antigos Alunos a regressarem a “casa”, reviver velhas experiências, reencontrar velhos colegas e amigos, e participar daquela que será, sem dúvida, a maior rede Alumni do país.

Convidam-se todos os Alumni da “casa” a celebrar mais um aniversário da Escola no dia 23 de maio de 2016. Estão planeadas uma série de atividades que terão início com um brinde aos 105 anos da Escola na sua alameda que culminarão com a apresentação do vídeo promocional do Técnico enquadrado por um festival de Street Food.

The Organizing Committee";http://web.tecnico.ulisboa.pt/franciscocsantos/imgs/ist.jpg;http://kit.tecnico.ulisboa.pt/#home;23/05/2016;23/05/2016;18:00;22:00;Astronomia;4
6ª Edição da Lisbon Machine Learning School;0;Instituto Superior Técnico;IST;"LxMLS 2016 will take place July 21-28 at Instituto Superior Técnico (IST), a leading Engineering and Science school in Portugal. It is organized jointly by IST, the Instituto de Telecomunicações and the Instituto de Engenharia de Sistemas e Computadores, Investigação e Desenvolvimento em Lisboa (INESC-ID). Click here for information about past editions (LxMLS 2011, LxMLS 2012, LxMLS 2013, LxMLS 2014, LxMLS 2015) and to watch the videos of the lectures (2011, 2012, 2013, 2014).

The school covers a range of machine learning (ML) Topics, from theory to practice, that are important in solving natural language processing (NLP) problems that arise in the analysis and use of Web data.";http://lxmls.it.pt/2016/wp-content/uploads/2016/02/copy-01-Banner-LxMLS-2016-04.jpg;http://lxmls.it.pt/2016/;21/07/2016;28/07/2016;08:00;20:00;Informática;4
O bosão de Higgs;0;Faculdade de Ciências da Universidade de Lisboa;Grande Auditório FCUL;A Doutora Patrícia Conde-Muiño fará uma abordagem pedagógica sobre este tema, que é crucial no entendimento da estrutura do tecido espaço-tempo do Cosmos. Em 1964 Peter Higgs e outros cinco cientistas sugeriram a existência de um novo campo de interações (forças), capaz de explicar a existência de massa para algumas partículas elementares, quando pelas leis de simetria das interações fundamentais isso não deveria acontecer. Este campo (de Higgs) que permeia o universo justificaria também o curtíssimo alcance da força nuclear fraca que está, por exemplo, nos decaimentos radioativos. A presença do campo de Higgs evidencia-se quando fica num estado quântico excitado e aí surge o bosão de Higgs, uma partícula fundamental do Modelo Padrão. No dia 4 de julho de 2012 foi detetada a sua presença com o acelerador LHC do CERN e, em 10-dez-2013,  Peter Higgs e François Englert, receberam o Prémio Nobel da Física. Na foto em cima está o detetor CMS do LHC. A não perder!;http://oal.ul.pt/wp-content/uploads/2016/05/NCbanner_27Maio2016_web.png;http://oal.ul.pt/noites-de-ciencias-maio-2016/;27/05/2016;27/05/2016;20:00;23:00;Física, Astronomia;2
Noites no Observatório - O Lado Escuro da Força;1;Observatório astronómico de Lisboa;Planetário Calouste Gulbenkian;A Teoria da Relatividade Geral de Einstein faz agora cem anos de idade. Foi com ela que começámos a conseguir ler a história do nosso Universo. Nos últimos vinte anos entrámos numa nova era de cosmologia de precisão, nunca se soube tanto sobre o nosso Universo. No entanto, nunca estivemos tão conscientes de saber tão pouco, porque descobrimos que a matéria comum constitui apenas 5% da energia do Universo. Os restantes 95% formam um lado escuro do Universo, constituído de mistério puro. Vamos explorar este lado escuro do Universo e tentar fazer luz sobre o desconhecido.;http://oal.ul.pt/wp-content/uploads/2013/06/logoNOALtxtTransp_web-300x271.png;http://oal.ul.pt/noites-no-observatorio-mai-2016/;28/05/2016;28/05/2016;21:30;23:59:00;Astronomia, Física;2
How to do conservation science, implement it, and not die trying;0;Faculdade de Ciências da Universidade de Lisboa;Sala 6.2.51, FCUL;Conducting research for conservation is, unfortunately, too often cut short or rarely implemented. Scientists are losing credibility and science losing relevance for policy. I will discuss three examples of research projects that have become official federal government programs with nation-wide implications. Mexico is the fifth country with the greatest biodiversity in the world. Challenges are thick and plentiful. Recently Mexico became the first country in the world to have an estimate of how many jaguars inhabit the country and the National Jaguar Strategy is fully in place and being implemented today. Bats represent about one-fourth of Mexico’s mammals and they include critically endangered and endangered species. The bighorn sheep is a charismatic species that has become a landmark for sustainable development and conservation via a sustainable use program led and coordinated by an indigenous group. The lesser long-nosed bat has been a focal species for my research and after 20 years it was recently delisted from Mexico’s Endangered Species List. The recovery implied lots of research, education, and specific conservation actions. The job of conservation professionals must include working with government and public to be effective.;https://ciencias.ulisboa.pt/pt/evento/24-05-2016/how-do-conservation-science-implement-it-and-not-die-trying;https://ciencias.ulisboa.pt/pt/evento/24-05-2016/how-do-conservation-science-implement-it-and-not-die-trying;24/05/2016;24/05/2016;12:30;13:30;Biologia;4
Análise de Sobrevivência na Presença de Riscos Competitivos;0;Faculdade de Ciências da Universidade de Lisboa;Sala 8.2.10, FCUL;Em estudos clínicos, e no estudo de sobrevivência de doentes, é usual a identificação de eventos suscetíveis de serem riscos competitivos de um determinado evento de interesse. Por exemplo, doentes renais crónicos que utilizam a diálise peritoneal como técnica de substituição da função renal podem experienciar um dos três seguintes eventos: morte em diálise peritoneal, transferência para hemodiálise ou transplante renal. Assim, para cada doente, apenas é possível observar o tempo até à ocorrência do primeiro evento a ocorrer. Com recurso a este exemplo clínico real, apresentaremos neste seminário os conceitos gerais da análise de sobrevivência na presença de riscos competitivos bem como alguns modelos de regressão desenvolvidos para abordar esta temática. ;https://ciencias.ulisboa.pt/sites/default/files/Ciencias_Logo_Azul-02.png;https://ciencias.ulisboa.pt/pt/evento/24-05-2016/an%C3%A1lise-de-sobreviv%C3%AAncia-na-presen%C3%A7a-de-riscos-competitivos;24/05/2016;24/05/2016;14:30;15:30;Medicina;4
Química, fraude e impostos: laboratórios aduaneiros na Península Ibérica;0;Faculdade de Ciências da Universidade de Lisboa;Sala 8.2.03, FCUL;Os laboratórios aduaneiros tiveram um importante papel na análise, controle e regulação de mercadorias desde meados do século XIX. Estes espaços científicos, localizados no serviço de alfândega, contribuíam significativamente para aumentar a receita do Estado e proteger os interesses industriais e comerciais nacionais. O trabalho dos seus membros está localizado entre química, economia e legislação, pelo que pode ser estudado a partir de muitos pontos de vista. Este seminário vai-se focar nos laboratórios aduaneiros portugueses entre as décadas de 1880 e 1930. Algumas das questões analisadas são: a importância da localização destes laboratórios, as características dos químicos, cientistas e outros peritos que neles trabalhavam e as suas relações com professores, assistentes, técnicos, burocratas, comerciantes e públicos, e também com outras instituições. Além disso, o projeto estuda o tipo de análises, reconhecimentos e trabalhos feitos no laboratório da alfândega de Lisboa e a sua utilidade económica e social. Finalmente, o projeto presta atenção à cultura material destes laboratórios e considera o património e coleções de instrumentos científicos que ainda existem.;https://ciencias.ulisboa.pt/sites/default/files/Ciencias_Logo_Azul-02.png;https://ciencias.ulisboa.pt/pt/evento/25-05-2016/qu%C3%ADmica-fraude-e-impostos-laborat%C3%B3rios-aduaneiros-na-pen%C3%ADnsula-ib%C3%A9rica;25/05/2016;25/05/2016;14:00;16:00;Química;4
The Web-of-Life - An Evolutionary Stimulus in Changing Environments?;0;Faculdade de Ciências da Universidade de Lisboa;"Anfiteatro, Fundação da FCUL, Lisboa
";"Distinguished Research Professor, Department of Genetics, University of Georgia, Athens, Georgia, USA

“One of the most spectacular facets of the newer studies of evolution has been the demonstration that evolution has not proceeded by slow, even steps but that seen in the large there have been bursts of creative activity.” With this provocative statement, Anderson and Stebbins (1954) began their description of Hybridization as an Evolutionary Stimulus. Their arguments concerning the role of natural hybridization in promoting evolutionary innovations emphasized the catalyst of genetic admixture leading to introgressed genomes and hybrid species. In particular, they predicted that recombination between divergent genomes had provided the material necessary for natural selection to rapidly produce novel phenotypes capable of invading the niches opened during climatic perturbations. In this seminar, I will consider “climate change” to include environmental fluctuations caused by climatic shifts or by dispersal to a different habitat regime; it includes both micro- and macro-habitat modifications. This broadened definition is chosen intentionally in order to reflect how temporally- and geographically- widespread climate change has been and thus how often it catalyzes evolutionary innovations through associated genetic exchange. In addition to the conceptual breadth provided by this definition, I will highlight the organismic diversity reflecting genetic admixture during climate perturbations by discussing examples from across different domains of life. Using a diversity of clades I will thus illustrate the creative outcomes of genetic admixture associated with climatic shifts, including adaptive evolutionary change and biodiversification (as reflected by the origin of single evolutionary lineages as well as entire adaptive radiations).";https://ciencias.ulisboa.pt/sites/default/files/Ciencias_Logo_Azul-02.png;https://ciencias.ulisboa.pt/pt/evento/25-05-2016/web-life-evolutionary-stimulus-changing-environments;25/05/2016;25/05/2016;14:00;15:00;Biologia;4
Patterns of evolution and diversification within the Macaronesian biodiversity hotspot;0;Faculdade de Ciências da Universidade de Lisboa;Anfiteatro, Fundação da FCUL;"Understanding why island ecosystems are so species-rich has long been one of the
central questions in ecology and evolutionary biology. The Macaronesian Islands (i.e.
Azores, Madeira, Savage, Canaries, Cape Verde) exhibit many distinctive characteristics
including a high degree of endemism, and so are ideal for studying evolutionary and
ecological processes at various spatial and temporal scales. Sharing knowledge and
discussingideasonthestateoftheartresearchontheMacaronesianIslands–aresome
of the key features of this workshop, organized in the framework of the FCT project -
PTDC/BIA-BIC/4113/2012 “
Conservation of plant biodiversity in the Macaronesian
Hotspot: Integrating phylogenetic, taxonomic, and ecological approaches to study the
Cape Verde endemic flora""";https://ciencias.ulisboa.pt/sites/default/files/fcul/eventos/ce3c-bioisi-27mai16.jpg;https://ciencias.ulisboa.pt/en/node/6849;27/05/2016;27/05/2016;10:00;13:00;Biologia;4
Parter vertices and Parter sets;0;Faculdade de Ciências da Universidade de Lisboa;Sala 6.2.33, FCUL;"Henrique Cruz
Universidade da Beira Interior

Abstract: Given an Hermitian matrix, whose graph is a tree, having a multiple eigenvalue $\lambda$, the Parter-Wiener theorem guarantees the existence of principal submatrices for which the multiplicity of $\lambda$ increases. The vertices of the tree whose removal give rise to these principal submatrices are called weak Parter vertices and with some additional conditions are called Parter vertices. A set of $k$ Parter vertices whose removal increase the multiplicity of $\lambda$ by $k$ is called Parter set. As observed by several authors a set of Parter vertices is not necessarily a Parter set. In this talk we present some results on Parter vertices and on Parter sets. We prove that if $A$ is a symmetric matrix, whose graph is a tree, and $\lambda$ is an eigenvalue of $A$ whose multiplicity does not exceed $3$, then every set of Parter vertices, for $\lambda$ relative to $A$, is also a Parter set. We also present an upper and a lower bound of the number of weak Parter vertices, for an eigenvalue $\lambda$ of a matrix $A$ whose graph is a tree, with the assumption that $\lambda$ has maximum multiplicity.
This is a joint work with Rosário Fernandes.

Seminário financiado por Fundos Nacionais através da FCT – Fundação para a Ciência e Tecnologia no âmbito do projeto UID/MAT/04721/2013.
";https://ciencias.ulisboa.pt/sites/default/files/Ciencias_Logo_Azul-02.png;https://ciencias.ulisboa.pt/pt/evento/27-05-2016/parter-vertices-and-parter-sets;27/05/2016;27/05/2016;15:00;16:00;Matemática;4
Crossed modules and 2-dimensional homotopy invariants of knotted surfaces in the 4-sphere;0;Faculdade de Ciências da Universidade de Lisboa;Sala 6.2.33, FCUL;"João Faria Martins
CMA e FCT/UNL

Abstract: Motivated by recently discovered connections to topological phases of matter of condensed matter Physics / topological quantum computing, I will describe work I have done some years ago oninvariants of knotted surfaces embedded in the 4-sphere derived from finite crossed modules. I will also report on oneiric (at this moment) extensions of this framework to Lie crossed modules invariants of knotted surfaces, to be addressed in the realm of gerbes and categorified BF-theories.

This seminar is supported by National Funding from FCT - Fundação para a Ciência e a Tecnologia, under the project: UID/MAT/04561/2013.
";https://ciencias.ulisboa.pt/sites/default/files/Ciencias_Logo_Azul-02.png;https://ciencias.ulisboa.pt/pt/evento/27-05-2016/crossed-modules-and-2-dimensional-homotopy-invariants-knotted-surfaces-4-sphere;27/05/2016;27/05/2016;13:30;15:00;Matemática;4
Seminários CEMAT-Ciências;0;Faculdade de Ciências da Universidade de Lisboa;Sala 6.2.33, FCUL;A Munn tree type representation for the bifree locally inverse semigroup;https://ciencias.ulisboa.pt/sites/default/files/Ciencias_Logo_Azul-02.png;https://ciencias.ulisboa.pt/pt/evento/30-05-2016/semin%C3%A1rios-cemat-ci%C3%AAncias;30/05/2016;30/05/2016;15:30;17:30;Matemática;4
Euclid Consortium Meeting 2016 - Mapping the geometry of the dark universe;0;Faculdade de Ciências da Universidade de Lisboa;Centro Cultural de Belém, Lisboa;Euclid is a space mission designed to map the geometry of the dark Universe. Its primary objectives are the study of dark energy, dark matter, modified gravity and cosmic initial conditions. The Euclid Consortium is a European organization that brings together all laboratories contributing to the Euclid mission, beside ESA. It comprises more than 100 laboratories from 14 European countries and it also includes several US laboratories.;https://ciencias.ulisboa.pt/sites/default/files/Ciencias_Logo_Azul-02.png;https://ciencias.ulisboa.pt/pt/evento/30-05-2016/euclid-consortium-meeting-2016-mapping-geometry-dark-universe;30/05/2016;03/06/2016;09:30;20:00;Astronomia, Matemática, Física;4
FCUL Rally Pro 2016;1;Faculdade de Ciências da Universidade de Lisboa;FCUL, Lisboa;"O FCUL Rally Pro é um concurso de programação dirigido aos alunos do secundário, visando promover a prática e o gosto pela programação.

O concurso está organizado como um rally: a resolução de um problema fornece pistas para o próximo problema! Iremos utilizar o Blockly, um editor visual que é executado através do browser. O Blockly foi criado para o ensino da programação e é um projeto gratuito da Google. 

As inscrições decorrem até dia 25 de maio de 2016.
";https://ciencias.ulisboa.pt/sites/default/files/styles/destaque/public/destaque-fcul-rally-pro-2016.jpg?itok=dkErAHOq;https://ciencias.ulisboa.pt/pt/evento/01-06-2016/fcul-rally-pro-2016;01/06/2016;01/06/2016;08:00;12:00;Informática;3
Equilibrium and Euler-Lagrange equation for hyperelastic materials;0;Faculdade de Ciências da Universidade de Lisboa;Sala 6.2.33, FCUL;"Elvira Zappale
Universidade de Salerno

Abstract: By means of duality we prove existence and uniqueness of equilibrium for energies described by integral functionals which fail to be convex. This analysis is motivated by some physical models of elastic materials (cf. for istance [2, 4]) and the techniques generalize the methods first introduced in [5, 1]. A suitable Euler Lagrange equation characterizing the minimizers is derived.

Joint work with G. Carita and G. Pisante";https://ciencias.ulisboa.pt/sites/default/files/Ciencias_Logo_Azul-02.png;https://ciencias.ulisboa.pt/pt/evento/02-06-2016/equilibrium-and-euler-lagrange-equation-hyperelastic-materials;02/06/2016;02/06/2016;13:30;14:30;Física, Matemática;4
Deep eutectic solvents (DES): Preparation, structure and physico-chemical properties;0;Faculdade de Ciências da Universidade de Lisboa;Sala 8.2.38, FCUL;Sustainable technologies applied to energy-related applications should develop a pivotal role in the next decades. In particular, carbon dioxide capture from flue gases emitted by fossil-fueled power plants should play a pivotal role in controlling and reducing the greenhouse effect. Therefore, the development of new materials for carbon capture purposes has merged as central research line, for which many alternatives have been proposed. Ionic liquids (ILs) have emerged as one of the most promising choices for carbon capture, but in spite of their promising properties, some serious drawbacks have also appeared. Deep eutectic solvents (DESs) have recently been considered as alternatives to ILs that maintain most of their relevant properties, such as task-specific character, and at the same time avoid some of their problems, mainly from economic and environmental viewpoints. DES production from low-cost and natural sources, together with their almost null toxicity and total biodegradability, makes these solvents a suitable platform for developing gas separation agents within the green chemistry framework. Therefore, because of the promising characteristics of DESs as CO2 absorbents and in general as gas separating agents, the state of the art on physicochemical properties of DESs in relationship to their influence on gas separation mechanisms and on the studies of gas solubility in DESs are discussed. The objective of this review work is to analyze the current knowledge on gas separation using DESs, comparing the capturing abilities and properties of DESs with those of ILs, inferring the weaknesses and strengths of DESs, and proposing future research directions on this subject.;https://ciencias.ulisboa.pt/sites/default/files/fcul/eventos/cqb-02jun16.PNG;https://ciencias.ulisboa.pt/pt/evento/02-06-2016/deep-eutectic-solvents-des-preparation-structure-and-physico-chemical-properties;02/06/2016;02/06/2016;10:30;11:30;Química;4
Provas de Agregação em História e Filosofia das Ciências;0;Faculdade de Ciências da Universidade de Lisboa;Sala 6.2.56, FCUL;As provas, requeridas por Ricardo José Lopes Coelho, decorrem nos dias 06 e 07 de junho de 2016.;https://ciencias.ulisboa.pt/sites/default/files/Ciencias_Logo_Azul-02.png;https://ciencias.ulisboa.pt/pt/evento/06-06-2016/provas-de-agrega%C3%A7%C3%A3o-em-hist%C3%B3ria-e-filosofia-das-ci%C3%AAncias;06/06/2016;07/06/2016;14:30;15:30;;4
Iberian Meeting on Algebraic Analysis;1;Faculdade de Ciências da Universidade de Lisboa;Sala 6.2.33, FCUL;As INESC-ID Distinguished Lecture Series tiveram início em 2012, tendo como objetivo promover seminários de alta qualidade nas áreas centrais do laboratório, convidando cientistas, académicos e profissionais a partilharem a sua visão e apresentar o seu trabalho inovador, incentivando a interação e promovendo a discussão e troca de ideias entre os oradores convidados e os investigadores do laboratório.;https://ciencias.ulisboa.pt/sites/default/files/fcul/eventos/iberian-meeting-algebraic-analysis.jpg;https://ciencias.ulisboa.pt/pt/evento/08-06-2016/iberian-meeting-algebraic-analysis;08/06/2016;10/06/2016;09:30;18:20;Matemática;4
Escola de Verão de Energia;1;Faculdade de Ciências da Universidade de Lisboa;"FCUL, Lisboa
";Imagina que era possível experimentar um curso universitário antes de concorreres ao ensino superior?;https://ciencias.ulisboa.pt/sites/default/files/styles/destaque/public/destaque-escola-verao-energia-v2.jpg?itok=pwKs4XnO;https://ciencias.ulisboa.pt/pt/evento/27-06-2016/escola-de-ver%C3%A3o-de-energia;27/06/2016;01/07/2016;10:00;16:00;;3
Do Planeta para a sala de aula: viagem do laboratório ao campo;1;Faculdade de Ciências da Universidade de Lisboa;FCUL, Lisboa;Candidaturas online de 16 a 30 de maio de 2016.;https://ciencias.ulisboa.pt/sites/default/files/styles/destaque/public/destaque-acoes-formacao-geologia-jun-2016.jpg?itok=Umc36FdT;https://ciencias.ulisboa.pt/pt/evento/28-06-2016/do-planeta-para-sala-de-aula-viagem-do-laborat%C3%B3rio-ao-campo;28/06/2016;01/07/2016;08:00;18:00; ;5
Practical Course on Phylogeography;1;Faculdade de Ciências da Universidade de Lisboa;FCUL, Lisboa;"No seguimento de anteriores iniciativas, o Centro de Ecologia, Evolução e Alterações Ambientais (cE3c) está a organizar diversos Cursos Avançados para oferta no ano letivo 2015/2016.

Chamamos a atenção para a relevância destes cursos na formação avançada dos estudantes a realizar o 1.º ano dos programas doutorais em Biologia (FCUL), Biodiversidade, Genética e Evolução (BIODIV; ULisboa e UP), e Biologia e Ecologia das Alterações Globais (BEAG; ULisboa e UA), para os quais eles são gratuitos. Estes Cursos poderão ainda ser frequentados por estudantes pós-graduados inscritos noutros programas doutorais ou mestrados na área da Biologia, ou outros interessados com formação básica adequada (e.g. 1.º ciclo em Biologia ou áreas afins).

Os cursos têm em geral formato intensivo, com duração de uma semana, sendo reconhecidos para o 1.º ano dos programas doutorais de estudantes da Faculdade de Ciências da Universidade de Lisboa (FCUL; 5-6 ECTs).
";https://ciencias.ulisboa.pt/sites/default/files/Ciencias_Logo_Azul-02.png;https://ciencias.ulisboa.pt/pt/evento/04-07-2016/practical-course-phylogeography;11/06/2016;11/06/2016;09:00;17:30;Biologia, Genética;5
Portugal Solar Challenge;1;Faculdade de Ciências da Universidade de Lisboa;Edifício C6, FCUL;"O Portugal Solar Challenge é um evento único que consiste numa corrida de veículos elétricos movidos exclusivamente a energia solar e tem como objetivo específico promover, entre todos os jovens participantes, soluções de mobilidade sustentável, em particular veículos solares de baixo custo.

Inscrições até 31 de maio de 2016, através de envio de e-mail para psc2016fcul@gmail.com e para solar@fc.ul.pt, incluindo nome da equipa, nome do coordenador, e-mail e número de telemóvel.

A corrida será no dia 9/7/2016, a partir das 8h30. O dia começa com as verificações técnicas e reconhecimento da pista (até às 10h00), feitas na zona do paddock. Às 10h00 inicia-se a ronda de qualificação, em sistema de “match-racing” com dois ou três carros em pista em cada corrida. Cada equipa fará várias corridas na fase de qualificação. De seguida disputam-se a semi-finais (duas mangas cada). Prevê-se que o evento termine às 14h00. A final será à melhor de três corridas.

";https://ciencias.ulisboa.pt/sites/default/files/styles/destaque/public/destaque-portugal-solar-challenge-2016.jpg?itok=NFZGlmiW;https://ciencias.ulisboa.pt/pt/evento/09-07-2016/portugal-solar-challenge-2016;09/07/2016;09/07/2016;08:30;14:00; ;2
Lichens as a tool for interpretation of environmental changes;1;Faculdade de Ciências da Universidade de Lisboa;FCUL, Lisboa;"No seguimento de anteriores iniciativas, o Centro de Ecologia, Evolução e Alterações Ambientais (cE3c) está a organizar diversos Cursos Avançados para oferta no ano letivo 2015/2016.

Chamamos a atenção para a relevância destes cursos na formação avançada dos estudantes a realizar o 1.º ano dos programas doutorais em Biologia (FCUL), Biodiversidade, Genética e Evolução (BIODIV; ULisboa e UP), e Biologia e Ecologia das Alterações Globais (BEAG; ULisboa e UA), para os quais eles são gratuitos. Estes Cursos poderão ainda ser frequentados por estudantes pós-graduados inscritos noutros programas doutorais ou mestrados na área da Biologia, ou outros interessados com formação básica adequada (e.g. 1.º ciclo em Biologia ou áreas afins).

Os cursos têm em geral formato intensivo, com duração de uma semana, sendo reconhecidos para o 1.º ano dos programas doutorais de estudantes da Faculdade de Ciências da Universidade de Lisboa (FCUL; 5-6 ECTs).
";https://ciencias.ulisboa.pt/sites/default/files/Ciencias_Logo_Azul-02.png;https://ciencias.ulisboa.pt/pt/evento/11-07-2016/lichens-tool-interpretation-environmental-changes;11/07/2016;18/07/2016;09:00;17:30;Biologia, Genética;5
Ser Cientista 2016;1;Faculdade de Ciências da Universidade de Lisboa;FCUL, Lisboa;Entre os dias 18 e 22 de julho de 2016 decorrerá a 3.ª edição do programa 'Ser Cientista'.;https://ciencias.ulisboa.pt/sites/default/files/styles/destaque/public/destaque-ser-cientista-2016.jpg?itok=R4a7WcV9;https://ciencias.ulisboa.pt/pt/evento/18-07-2016/ser-cientista-2016;18/07/2016;22/07/2016;10:00;17:00; ;3
Semana do Mar;1;Pavilhão do Conhecimento;"Parque das Nações
Alameda dos Oceanos, Lote 2.10.01
1990-223 Lisboa";Vamos fazer experiências científicas sobre a biodiversidade marinha, a densidade da água, a pesca sustentável e a poluição, identificar espécies marinhas e provar caviar de algas. Durante esta semana entre no nosso Laboratório e descubra como se pode proteger contra a radiação UV, experimente gomas feitas com algas na Cozinha é um Laboratório e leve os miúdos ao Cantinho da Ciência, onde eles podem ser oceanógrafos durante umas horas.;http://www.pavconhecimento.pt/media/banners/1172_semana-do-mar-pav-interior.png;http://www.pavconhecimento.pt/visite-nos/programacao/detalhe.asp?id_obj=3855;08/06/2016;12/06/2016;11:30;17:15;Biologia, Física;1
Férias com Ciência;1;Pavilhão do Conhecimento;"Parque das Nações
Alameda dos Oceanos, Lote 2.10.01
1990-223 Lisboa";Astronauta por um dia, físico, matemático, geólogo, médico, biólogo. Este Verão, o seu filho vai poder ser tudo o que quiser no Pavilhão do Conhecimento. Nas Férias com Ciência vamos descobrir as profissões ligadas à ciência num programa cheio de actividades experimentais, desafios e muita animação. Treinar como um astronauta e desafiar as leis de Newton, aprender a programar, construir um sismógrafo, cultivar micróbios, aprender a combater vírus e bactérias, vestir a pele de um paleontólogo, identificar a dieta alimentar das aves de rapina e desvendar as provas forenses num cenário de crime são alguns dos desafios.;http://www.pavconhecimento.pt/media/media/2453_atl.jpg;http://www.pavconhecimento.pt/visite-nos/programacao/detalhe.asp?id_obj=3857;20/06/2016;09/07/2016;09:00;18:00;Física, Matemática, Biologia;1
Debates éticos na comunicação da ciência;0;Pavilhão do Conhecimento;"Parque das Nações
Alameda dos Oceanos, Lote 2.10.01
1990-223 Lisboa";"O Dia C é um ciclo de conversas sobre ética nas ciências da vida, organizado pela Ciência Viva e pelo Conselho Nacional de Ética para as Ciências da Vida (CNECV). Decorre na última quinta-feira de cada mês, das 19:30 às 21:00. Em cada sessão um painel de especialistas apresenta um tema actual e controverso. Segue-se um debate entre os especialistas e o público, com o apoio de um moderador.


Dia 26 de Maio | Debates Éticos na Comunicação de Ciência 

A ciência ocupa um papel singular no mundo moderno, tendo impacto em todas as esferas da vida social. É cada vez mais importante a comunicação sobre ciência, a par da reflexão sobre as relações da ciência com os cidadãos.

O foco desta reflexão tem sido a forma como a comunicação de ciência promove a compreensão, aceitação ou o envolvimento do público; no entanto, esta avaliação não se esgota na qualidade técnica e na eficácia da comunicação. O próximo Dia C trata justamente de outro aspecto que não pode ser negligenciado — a forma como deve ser comunicada a ciência, os princípios que devem orientar a comunicação de ciência.

Em debate com o público estarão tópicos como a responsabilidade pela fundamentação das conclusões divulgadas; a precaução perante resultados preliminares, especulações ou afirmações exageradas; a honestidade quanto ao grau de incerteza da investigação; ou a transparência quanto a conflitos de interesses dos cientistas ou comunicadores envolvidos. A quem cabe assegurar o reconhecimento destes valores e o cumprimento destes deveres? De que modo?

 

Oradores: António Granado (FCSH-UNL), António Vaz Carneiro (Centro de Estudos de Medicina Baseados na Evidência - FMUL), João Lobo Antunes (CNECV).

Moderadora: Catarina Ramos (Fundação Champalimaud)";http://www.pavconhecimento.pt/media/banners/1165_conversas-etica-ciencias-vida-maio-destaquepav.png;http://www.pavconhecimento.pt/visite-nos/programacao/detalhe.asp?id_obj=3866;26/05/2016;26/05/2016;19:30;21:00; ;2
Ética no uso na acesso à água;0;Pavilhão do Conhecimento;"Parque das Nações
Alameda dos Oceanos, Lote 2.10.01
1990-223 Lisboa";"O Dia C é um ciclo de conversas sobre ética nas ciências da vida, organizado pela Ciência Viva e pelo Conselho Nacional de Ética para as Ciências da Vida (CNECV). Decorre na última quinta-feira de cada mês, das 19:30 às 21:00. Em cada sessão um painel de especialistas apresenta um tema actual e controverso. Segue-se um debate entre os especialistas e o público, com o apoio de um moderador.


Dia 26 de Maio | Debates Éticos na Comunicação de Ciência 

A ciência ocupa um papel singular no mundo moderno, tendo impacto em todas as esferas da vida social. É cada vez mais importante a comunicação sobre ciência, a par da reflexão sobre as relações da ciência com os cidadãos.

O foco desta reflexão tem sido a forma como a comunicação de ciência promove a compreensão, aceitação ou o envolvimento do público; no entanto, esta avaliação não se esgota na qualidade técnica e na eficácia da comunicação. O próximo Dia C trata justamente de outro aspecto que não pode ser negligenciado — a forma como deve ser comunicada a ciência, os princípios que devem orientar a comunicação de ciência.

Em debate com o público estarão tópicos como a responsabilidade pela fundamentação das conclusões divulgadas; a precaução perante resultados preliminares, especulações ou afirmações exageradas; a honestidade quanto ao grau de incerteza da investigação; ou a transparência quanto a conflitos de interesses dos cientistas ou comunicadores envolvidos. A quem cabe assegurar o reconhecimento destes valores e o cumprimento destes deveres? De que modo?

 

Oradores: António Granado (FCSH-UNL), António Vaz Carneiro (Centro de Estudos de Medicina Baseados na Evidência - FMUL), João Lobo Antunes (CNECV).

Moderadora: Catarina Ramos (Fundação Champalimaud)";http://www.pavconhecimento.pt/media/banners/1165_conversas-etica-ciencias-vida-maio-destaquepav.png;http://www.pavconhecimento.pt/visite-nos/programacao/detalhe.asp?id_obj=3866;30/06/2016;30/06/2016;19:30;21:00; ;3
European Maker Week;1;Pavilhão do Conhecimento;"Parque das Nações
Alameda dos Oceanos, Lote 2.10.01
1990-223 Lisboa";"O Pavilhão do Conhecimento – Ciência Viva associa-se à European Maker Week. Descubra e brinque com o MaKeyMaKey e o Arduino, aprenda a programar, controle os robôs Dash e Dot, explore a sua imaginação usando os  littleBits ou construa um autómato durante esta semana na Dòing, o nosso espaço tinkering e maker.

Alinhado com o espírito da Maker Faire, esta é uma iniciativa promovida pela Comissão Europeia e implantada pela Maker Faire Rome em colaboração com a Startup Europe, que pretende atrair que pretende dar a conhecer e disseminar a cultura maker nacional, potenciando a troca de experiências e conhecimento na comunidade local.

Através da organização de pequenos workshops ou exibição de projectos, este é um espaço de partilha, onde as Escolas, FabLabs, Hackerspaces e outras associações locais são convidadas a participar e envolver a restante comunidade local.

Qualquer pessoa, em qualquer lugar pode organizar um evento e partilhar o seu conhecimento.";http://www.pavconhecimento.pt/media/banners/1174_europeanmakerweek-509.png;http://www.pavconhecimento.pt/visite-nos/programacao/detalhe.asp?id_obj=3854;31/05/2016;05/06/2016;10:00;18:30;Informática, Electronica;1
 VIRAL - uma experiência contagiante ;0;Pavilhão do Conhecimento;"Parque das Nações
Alameda dos Oceanos, Lote 2.10.01
1990-223 Lisboa";"Hoje em dia até uma ideia se pode tornar… VIRAL.

VIRAL é uma exposição interativa que explora o que é o contágio e como funciona, revelando fenómenos biológicos, sociais e questionando o seu impacto nas nossas vidas.

A exposição tem 24 módulos interativos, divididos em cinco áreas. Em cada uma os visitantes exploram o contágio numa narrativa que engloba fenómenos de biologia, epidemiologia e saúde pública, a ciência das redes, psicologia e as ciências sociais.

Como se controla uma epidemia de gripe? O que é o contágio financeiro? O que faz um vídeo tornar-se viral? Como contagiar o mundo? Encontre as respostas a estas perguntas no Pavilhão do Conhecimento. Mais do que uma exposição, VIRAL é uma experiência positiva, divertida e... contagiante!";http://www.pavconhecimento.pt/media/fotosLaterais/1289_img-0039.jpg;http://www.pavconhecimento.pt/visite-nos/exposicoes/detalhe.asp?id_obj=3553;01/02/2016;30/09/2016;10:00;19:00;Biologia;2
Explora;0;Pavilhão do Conhecimento;Parque das Nações;O Explora é uma” verdadeira floresta de fenómenos naturais”. Foi assim que o físico Frank Oppenheimer descreveu esta exposição, concebida originalmente para o Exploratorium de São Francisco e que se tornou um clássico dos centros de ciência em todo o mundo. Cada módulo é uma autêntica obra de arte onde o Homem contribui com o engenho, e a natureza com a surpreendente beleza dos seus fenómenos.;http://www.pavconhecimento.pt/media/banners/179_banner-explora5.png;http://www.pavconhecimento.pt/visite-nos/exposicoes/detalhe.asp?id_obj=18; ; ;10:00;19:00;Física;2
Dóing ;0;Pavilhão do Conhecimento;Parque das Nações;"""DÓING - oficina aumentada” é o novo espaço do Pavilhão do Conhecimento Ciência Viva. Abriu as portas pela primeira vez a 25 de julho, dia do 14º aniversário do Pavilhão, e não tem data para fechar. 

Inspirada no The Tinkering Studio1 do Exploratorium de San Francisco e com uma boa dose de influência do movimento maker 2 e da cultura do-it-yourself, a Dóing é uma oficina, um ateliê de costura, um estúdio de prototipagem, uma pista de lançamento de grandes ideias...

Não se trata de uma exposição. É um espaço para criar, fazer, experimentar, construir e partilhar, onde tentativa e erro se conjugam de forma divertida e inspiradora. São mais de 500 m2 de actividades para makers, curiosos e engenhosos, nerds e geeks, pequenos com grande lata e grandes com pequenas pancadas.

A Dóing divide-se em duas áreas. A área Tinkering contém actividades abertas que nos fazem pensar com as mãos, levando-nos a contornar obstáculos e superar-nos a nós mesmos. Os desafios são diversos: explorar circuitos eléctricos, construir aviões de papel e testar a sua aerodinâmica, criar percursos para que um berlinde se desloque entre dois pontos da forma mais rápida, mais lenta ou qualquer outro desafio a que o visitante se proponha. É um espaço de inovação e criatividade destinado a escolas e famílias.

A área Maker é um espaço de produção, onde os visitantes podem desenvolver os seus próprios projectos. Desde a construção de peças de roupa e joalharia com componentes electrónicos, à impressão de objectos com impressoras 3D, passando pela fabricação de pequenos gadgets, este é um espaço onde as ideias ganham forma.

As áreas serão dinamizadas com actividades e workshops regulares em colaboração com artistas, investigadores e artesãos, combinando arte, ciência e tecnologia.";http://www.pavconhecimento.pt/media/media/1681_doing.jpg;http://www.pavconhecimento.pt/visite-nos/exposicoes/detalhe.asp?id_obj=2217; ; ;10:00;19:00; ;2
The Liver beyond Surgery in Colorectal Metastasis;0;Fundação Champalimaud;Av. Brasília, 1400-038 Lisboa;"A Fundação Champalimaud irá realizar no dia 18 de Novembro de 2016 um simpósio sobre tratamento de metástases hepáticas de tumores do cólon e reto com ênfase nas modalidades minimamente invasivas.

O painel de palestrantes inclui especialistas de referência internacional nas diferentes técnicas.

Esta reunião incidirá assim sobre a ablação percutânea (radiofrequência, micro-ondas), a radioterapia (SBRT) e as técnicas de tratamento intra-arterial regional (radioembolização com ítrio 90, quimioembolização e quimioinfusão intra-arterial).

Estes métodos são hoje ferramentas muito úteis na abordagem multidisciplinar da doença, nos diferentes cenários em que esta se manifesta e integrados numa estratégia global de tratamento que se estende desde o intuito curativo e de downstaging, à atitude exclusivamente paliativa.";http://www.fchampalimaud.org/media/uploads/radio.jpg;http://www.fchampalimaud.org/pt/newsroom/eventos/the-liver-beyond-surgery-in-colorectal-metastasis-pt-view/?p=1;2016-18-11;2016-18-11;08:00;10:00;Medicina;5
Symposium on Lymphocyte Behaviour;0;Fundação Champalimaud;Av. Brasília, 1400-038 Lisboa;"A 26 de maio de 2016 a Fundação Champalimaud irá acolher o Simpósio ""Landscapes of Lymphocyte Itineraries"", numa Homenagem à Professora Maria de Sousa. Já estão confirmados como oradores principais Ronald Germain, Gabriel Victora, Miriam Merad, Daniel Mucida.";http://www.fchampalimaud.org/media/uploads/std-1-400.jpg;http://www.fchampalimaud.org/pt/newsroom/eventos/symposium-on-lymphocyte-behaviour-news-view/?p=1;26/05/2016;26/05/2016;13:45;18:00;Medicina, Biologia;4
Visita ao Observatório Astronómico de Lisboa - Visita Dramatizada;0; Museu Nacional de História Natural e da Ciência ; Observatório Astronómico de Lisboa | Tapada da Ajuda ;"O Observatório Astronómico de Lisboa é um dos mais interessantes, da Europa, do séc. XIX.

O seu carismático Diretor, Campos Rodrigues, realizou trabalho científico amplamente reconhecido na sua época.

Iremos conhecer esta e outras histórias!

 

Destina-se a público geral e famílias com crianças a partir dos 6 anos

Atividade gratuita (Estacionamento condicionado ao pagamento de 1,50€)

Inscrição prévia obrigatória, até 48h antes da sua realização.

Sujeita a número mínimo de participantes.

Informações e marcações: geral@museus.ulisboa.pt | 213 921 808";http://www.museus.ulisboa.pt/sites/default/files/Campos%20Rodrigues_SEAC.jpg;http://www.museus.ulisboa.pt/pt-pt/node/855;28/05/2016;28/05/2016;11:00;12:30;Astronomia;2
Tardes de Origami;0; Museu Nacional de História Natural e da Ciência ; Museu Nacional de História Natural e da Ciência ;"Uma folha de papel pode vir a ser uma flor, um pássaro, uma árvore, uma estrela ou um barco.

Dobrar modelos cheios de cor e movimento servem para nos dar prazer e fazer os cálculos de outrora.

 

FINS DE SEMANA MATEMÁTICOS

Com a missão de aproximar as ciências matemáticas do grande público, o MUHNAC, o projeto Matemática do Planeta Terra e a Associação Ludus dedicam o quarto sábado de cada mês ao lado mais recreativo da matemática num programa anual de atividades que promete mostrar-lhe a matemática como nunca a viu.

 

Atividade destinada ao público em geral e famílias com crianças a partir dos 6 anos

Com marcação prévia

Preço: 3,5€ / pessoa

Informações: geral@museus.ulisboa.pt | 213 921 808
";http://www.museus.ulisboa.pt/sites/default/files/Origami_Maio_Biodiversidade_site.jpg;http://www.museus.ulisboa.pt/pt-pt/node/843;28/05/2016;28/05/2016;15:00;16:30;Matemática;2
Circo Matemático;1; Museu Nacional de História Natural e da Ciência ;Auditório Manuel Valadares;Com cordas, cartas ou dados, um conjunto de artistas mostram como é possível fazer magia recorrendo à Matemática, a Matemagia. Tão divertido quanto pedagógico, numa aplicação da matemática a ambientes divertidos e descontraídos.;http://www.museus.ulisboa.pt/sites/default/files/circo_matematico.jpg;http://www.museus.ulisboa.pt/pt-pt/node/898;01/06/2016;01/06/2016;10:00;13:00;Matemática;2
Hubble: 25 anos de Observações e Descobertas!;0; Museu Nacional de História Natural e da Ciência ;Planetário ;Partindo do “Espaço Hubble” iremos olhar, sob a matriz de um céu estrelado, para um dos mais fascinantes instrumentos usados em Astronomia nos últimos 25 anos.;http://www.museus.ulisboa.pt/sites/default/files/NEI%20westerlund_site.jpg;http://www.museus.ulisboa.pt/pt-pt/node/787;04/06/2016;04/06/2016;16:30;18:00;Astronomia;2
Histórias de Estrelas e Planetas!;0; Museu Nacional de História Natural e da Ciência ;Planetário ;Histórias que deram origem a constelações. A orientação pelas estrelas com referências às navegações portuguesas. A Lua e os planetas no céu de Portugal.;http://www.museus.ulisboa.pt/sites/default/files/Historias-de-estrelas-e-planetas_foto_0.jpg;http://www.museus.ulisboa.pt/pt-pt/node/1082;05/06/2016;05/06/2016;16:30;18:00;Astronomia;2
"O céu de Galileu! - Visita dramatizada no Planetário
";0; Museu Nacional de História Natural e da Ciência ;Planetário ;"Galileu vai mostrar-nos, na primeira pessoa, os astros e as estruturas que observou.

O que viu?

Como viu?

A Via Láctea, a Lua, o Sol, Júpiter, as Plêiades, o Presépio, são alguns exemplos… Mas há mais!

Atividade destinada ao público geral

Sem marcação prévia

Preço: 3,50€ / pessoa

Informações: geral@museus.ulisboa.pt | 213 921 808
";http://www.museus.ulisboa.pt/sites/default/files/Galileu_750x500.jpg;http://www.museus.ulisboa.pt/pt-pt/node/816;11/06/2016;11/06/2016;16:30;18:00;Astronomia;2
60 Minutos de Ciência;0; Museu Nacional de História Natural e da Ciência ;Sala Vandelli;"Poderá um peixe descodificar o segredo da regeneração de órgãos?

Não seria fantástico podermos reparar o nosso coração após um enfarte? Não seria espantoso voltar a andar depois de termos lesionado a nossa espinal medula? Não seria mesmo incrível voltarmos a crescer um dedo depois de uma amputação?  Seria sem dúvida!  Mas o que é extraordinário é que existem seres no nosso planeta que o conseguem fazer assim, sem mais nem menos!!!

Mas como??? Esta é a questão que vamos tentar desvendar!!!

Leonor Saúde - IMM/FCUL

Leonor Saúde lidera um laboratório de investigação no Instituto de Medicina Molecular em Lisboa e é professora convidada de Histologia e Embriologia na Faculdade de Medicina da Universidade de Lisboa.";http://www.museus.ulisboa.pt/sites/default/files/website_laranja.jpg;http://www.museus.ulisboa.pt/pt-pt/node/924;16/06/2016;16/06/2016;18:45;19:45; ;2
MUHNAC Cursos | Coleções Científicas como Fontes de Investigação em História;1; Museu Nacional de História Natural e da Ciência ;Reserva Visitável de Química;O MUHNAC oferece uma ampla variedade de cursos destinados a complementar a formação de profissionais de museus, estudantes de diversas áreas e demais interessados na preservação e acessibilidade de coleções e património. A formação tem como foco as coleções científicas e o património científico.;http://www.museus.ulisboa.pt/sites/default/files/BAS3_IMG_site.jpg;http://www.museus.ulisboa.pt/pt-pt/node/928;18/06/2016;18/06/2016;09:30;17:00; ;2
Um mês, um tema, um nome de Ciência - Visita dramatizada no Jardim Botânico com Seomara da Costa Primo;0;Museu Nacional de História Natural e da Ciência;Jardim Botânico ;"Numa visita dramatizada pelo Jardim Botânico e enquanto nos apresenta algumas das plantas mais carismáticas, esta antiga professora da Faculdade de Ciências de Lisboa contará algumas curiosidades sobre a sua carreira, tendo sido a primeira mulher doutorada em Botânica em Portugal.

Participe!

Atividade destinada ao público em geral e famílias com crianças a partir dos 6 anos

Sem marcação prévia

Preço: 3€ / pessoa

Informações: geral@museus.ulisboa.pt | 213 921 808";http://www.museus.ulisboa.pt/sites/default/files/site_20.jpg;http://www.museus.ulisboa.pt/pt-pt/node/826;18/06/2016;18/06/2016;15:00;16:00;Biologia;2
A olhar para o céu!;0;Museu Nacional de História Natural e da Ciência;Planetário;"O que estamos a ver quando olhamos para o céu?

Na sessão, partimos do céu visível a olho nu, iremos das estrelas até às galáxias próximas e mais distantes.

 

Atividade destinada a público em geral e famílias

Sem marcação prévia

Preço: 3,50€ / pessoa

Informações: geral@museus.ulisboa.pt | 213 921 808
";http://www.museus.ulisboa.pt/sites/default/files/Planet%C3%A1rio_foto_10.jpg;http://www.museus.ulisboa.pt/pt-pt/node/832;18/06/2016;18/06/2016;16:30;18:00;Astronomia;2
Clube de Robótica;1;Museu Nacional de História Natural e da Ciência;Laboratório de Física (Sala Cyrillo Soares);Organizado pela embaixadora da FIRST LEGO League Portugal, Ana Raquel Silva, o objetivo do clube de robótica é entusiasmar os jovens e crianças para a ciência, tecnologia, engenharia e inovação.;http://www.museus.ulisboa.pt/sites/default/files/Foto%20rob%C3%B3tica_0.jpg;http://www.museus.ulisboa.pt/pt-pt/node/727;19/06/2016;26/06/2016;10:00;13:00;Informática, Electronica;2
Do Big-Bang ao observador cósmico - Visita orientada;0;Museu Nacional de História Natural e da Ciência;"Exposição ""A Aventura da Terra"" | Museu Nacional de História Natural e da Ciência";"A sucessão de eventos astronómicos, geológicos e biológicos que antecedem o aparecimento do ser humano...

Participe!

Atividade destinada ao público em geral e famílias com crianças a partir dos 9 anos.

Sem marcação prévia

Preço: 3,5€ / pessoa

Informações: geral@museus.ulisboa.pt | 213 921 808
";http://www.museus.ulisboa.pt/sites/default/files/BigBangObservC%C3%B3smico.jpg;http://www.museus.ulisboa.pt/pt-pt/node/838;19/06/2016;19/06/2016;16:00;17:30;Astronomia;2
Férias no Museu - Verão 2016;1;Museu Nacional de História Natural e da Ciência;Museu Nacional de História Natural e da Ciência;"O Museu Nacional de História Natural e da Ciência realiza mais uma edição do programa de Férias no Museu - edição verão 2016.

O título de cada semana é alusivo ao tema do Ano Internacional das Leguminosas declarado pelas Nações Unidas: favas contadas, jogar a feijões, ervilhas tortas e grão-de-bico. Vamos passar a semana de uma forma divertida abordando de uma forma transversal todas as áreas científicas presentes no museu.

O programa decorrerá nos períodos de 20 a 24 de junho, 27 de junho a 1 de julho, 4 a 8 de julho e 11 a 15 de julho. Destina-se a crianças dos 6 aos 12 anos.

Em cada dia há dois módulos de atividades, um de manhã, das 9h30 às 12h30 e outro à tarde, das 14h00 às 17h00.

 

Nota: Haverá um período de acolhimento dos participantes (das 8h45 às 9h30) e período de recolha (das 17h às 17h45), com ponto de encontro na Avenida das Palmeiras (nº 58 da Rua da Escola Politécnica)

 

Programa completo brevemente disponível.

 

Preço:

- 25€/dia; 100€/semana

- Desconto de 10% na inscrição do segundo filho;

- Desconto de 10% para filhos dos colaboradores da Companhia de Seguros Lusitânia;

- Descontos não acumuláveis;

- O pagamento deverá ser efetuado, após a confirmação da inscrição, na receção do Museu, em dias úteis, das 10h às 17h, ou por transferência bancária.

- A inscrição só está concluída após o pagamento.

 

Mais informações e inscrições:

geral@museus.ulisboa.pt | 213 921 808
";http://www.museus.ulisboa.pt/sites/default/files/IMG_3794_site.jpg;http://www.museus.ulisboa.pt/pt-pt/node/1095;20/06/2016;15/07/2016;09:30;17:00; ;1
MUHNAC Cursos | Coleções de Entomologia ;1;Museu Nacional de História Natural e da Ciência, PRISC; Centro de Recursos Educativos | Jardim Botânico | MUHNAC ;"O MUHNAC oferece uma ampla variedade de cursos destinados a complementar a formação de profissionais de museus, estudantes de diversas áreas e demais interessados na preservação e acessibilidade de coleções e património. A formação tem como foco as coleções científicas e o património científico.

Conheça o programa completo dos Cursos MUHNAC aqui.

ADV8. Coleções de Entomologia

Introdução à gestão de coleções entomológicas. Amostragem e preparação de espécimes, catalogação e gestão da base de dados, captura de imagem e determinação taxonómica. Condições ambientais em reservas entomológicas.

Docentes: Luís Filipe Lopes

Tipo: Workshop + saída de campo

Duração: 18h

Idioma: Português

Preço: Consulte aqui (modalidade C)

Número máximo de participantes: 16

Data limite para inscrição: 3 de junho

Para se inscrever preencha o formulário e envie para geral@museus.ulisboa.pt";http://www.museus.ulisboa.pt/sites/default/files/imagem_principal_site_0.jpg;http://www.museus.ulisboa.pt/pt-pt/node/1010;20/06/2016;22/06/2016;10:00;17:00; ;2
MUHNAC Cursos | Preservação de Coleções em Meio Líquido;1;Museu Nacional de História Natural e da Ciência, PRISC;Laboratório da Coleção Líquida | Museu Nacional de História Natural e da Ciência;O MUHNAC oferece uma ampla variedade de cursos destinados a complementar a formação de profissionais de museus, estudantes de diversas áreas e demais interessados na preservação e acessibilidade de coleções e património. A formação tem como foco as coleções científicas e o património científico.;http://www.museus.ulisboa.pt/sites/default/files/imagem_principal_site_0.jpg;http://www.museus.ulisboa.pt/pt-pt/node/1011;20/06/2016;24/06/2016;10:00;17:00; ;2
Visita ao Observatório Astronómico de Lisboa - Visita dramatizada;1;Museu Nacional de História Natural e da Ciência; Observatório Astronómico de Lisboa | Tapada da Ajuda ;"O Observatório Astronómico de Lisboa é um dos mais interessantes, da Europa, do séc. XIX.

O seu carismático Diretor, Campos Rodrigues, realizou trabalho científico amplamente reconhecido na sua época.

Iremos conhecer esta e outras histórias!

 

Destina-se a público geral e famílias com crianças a partir dos 6 anos

Atividade gratuita (Estacionamento condicionado ao pagamento de 1,50€)

Inscrição prévia obrigatória, até 48h antes da sua realização.

Sujeita a número mínimo de participantes.

Informações e marcações: geral@museus.ulisboa.pt | 213 921 808
";http://www.museus.ulisboa.pt/sites/default/files/Campos%20Rodrigues_SEAC.jpg;http://www.museus.ulisboa.pt/pt-pt/node/856;25/06/2016;25/06/2016;11:00;12:30;Astronomia;2
Rota das simetrias - Fins de semana matemáticos;0;Museu Nacional de História Natural e da Ciência; Museu Nacional de História Natural e da Ciência ;"eio em torno da Calçada Portuguesa de Lisboa, desde o Jardim Botânico até à Praça do Município.

Venha descobrir a matemática da rua, desvendar os seus segredos e conhecer a sua história.

 

FINS DE SEMANA MATEMÁTICOS

Com a missão de aproximar as ciências matemáticas do grande público, o MUHNAC, o projeto Matemática do Planeta Terra e a Associação Ludus dedicam o quarto sábado de cada mês ao lado mais recreativo da matemática num programa anual de atividades que promete mostrar-lhe a matemática como nunca a viu.

 

Atividade destinada ao público em geral e famílias com crianças a partir dos 6 anos

Sem marcação prévia

Preço: 3,5€ / pessoa

Informações: geral@museus.ulisboa.pt | 213 921 808";http://www.museus.ulisboa.pt/sites/default/files/fins%20semana%20matem%C3%A1ticos_0.jpg;http://www.museus.ulisboa.pt/pt-pt/node/844;25/06/2016;25/06/2016;15:00;16:30;Matemática;2
Histórias de Estrelas e Planetas! - Sessão de Planetário;0;Museu Nacional de História Natural e da Ciência;Planetário | Museu Nacional de História Natural e da Ciência;Histórias que deram origem a constelações. A orientação pelas estrelas com referências às navegações portuguesas. A Lua e os planetas no céu de Portugal.;http://www.museus.ulisboa.pt/sites/default/files/Historias-de-estrelas-e-planetas_foto_0.jpg;http://www.museus.ulisboa.pt/pt-pt/node/850;25/06/2016;25/06/2016;16:30;18:00;Astronomia;2
Clube de Robótica;1;Museu Nacional de História Natural e da Ciência;Museu Nacional de História Natural e da Ciência - Laboratório de Física (Sala Cyrillo Soares);Organizado pela embaixadora da FIRST LEGO League Portugal, Ana Raquel Silva, o objetivo do clube de robótica é entusiasmar os jovens e crianças para a ciência, tecnologia, engenharia e inovação.;http://www.museus.ulisboa.pt/sites/default/files/Foto%20rob%C3%B3tica_0.jpg;http://www.museus.ulisboa.pt/pt-pt/node/728;10/07/2016;10/07/2016;10:00;13:00;Informática, Electronica;2
Clube de Robótica;1;Museu Nacional de História Natural e da Ciência;Museu Nacional de História Natural e da Ciência - Laboratório de Física (Sala Cyrillo Soares);Organizado pela embaixadora da FIRST LEGO League Portugal, Ana Raquel Silva, o objetivo do clube de robótica é entusiasmar os jovens e crianças para a ciência, tecnologia, engenharia e inovação.;http://www.museus.ulisboa.pt/sites/default/files/Foto%20rob%C3%B3tica_0.jpg;http://www.museus.ulisboa.pt/pt-pt/node/728;17/07/2016;17/07/2016;10:00;13:00; ;2
Dinossauros que viveram na nossa terra;0; Museu Nacional de História Natural e da Ciência ;Sala de exposições temporárias - Museu Nacional de História Natural e da Ciência;"Como conhecemos a história da Vida na Terra ao longo do tempo? Como eram os ambientes e as faunas da Região Oeste de Portugal há 150 milhões de anos? Estas são algumas das perguntas que a exposição Dinossauros que viveram na nossa Terra pretende responder.

A exposição está dividida em cinco módulos, cada um dedicado a um membro geológico constituído por um conjunto de rochas sedimentares, que representa um intervalo de tempo entre o Jurássico Superior e o Cretácico. Em cada uma destas secções são apresentados alguns dos fósseis encontrados nos diferentes níveis sedimentares que afloram na Região Oeste de Portugal, com especial ênfase no concelho de Torres Vedras.

A exposição Dinossauros que viveram na nossa terra foi concebida para a comemoração dos 15 anos da Sociedade de História Natural (SHN), e esteve patente no Museu Municipal Leonel Trindade (Torres Vedras) entre novembro de 2012 e setembro de 2014. A SHN, sediada em Torres Vedras, tem a seu cargo uma das maiores coleções paleontológicas de vertebrados do Jurássico Superior de Portugal, fruto de quase duas décadas de intervenções na região Oeste de Portugal. A juntar a este acervo, a SHN e a Câmara Municipal de Torres Vedras acolheram em 2008 uma importante coleção paleontológica privada, reunido por José Joaquim dos Santos e Luís Francisco, dois aficionados da Paleontologia.";http://www.museus.ulisboa.pt/sites/default/files/Eventosite2.jpg;http://www.museus.ulisboa.pt/pt-pt/dinossauros-que-viveram-na-nossa-terra;18/05/2016;18/05/2017;10:00;18:00;Biologia;2
Francisco Arruda Furtado, discípulo de Darwin;0;Museu Nacional de História Natural e da Ciência;Museu Nacional de História Natural e da Ciência;"Francisco Arruda Furtado (1854-1887), discípulo de Darwin é o título da nova exposição do Museu Nacional de História Natural e da Ciência da Universidade de Lisboa (MUHNAC) concebida em parceria com o Museu Carlos Machado e o Teatro Nacional de São Carlos.

Micaelense de origem, Arruda Furtado notabiliza-se, muito jovem, no estudo dos moluscos e da antropologia, que aborda de acordo com as teorias evolucionistas, em particular de Charles Darwin, com quem se corresponde durante dois anos, trocando ideias, informações, pedindo conselhos e livros.

Com trabalhos publicados e um nome firmado, muda-se para Lisboa, em 1885, para integrar os quadros da Secção Zoológica do Museu Nacional de Lisboa (atual MUHNAC). Durante dois anos, até regressar a Ponta Delgada, dedica-se ao estudo e à catalogação da coleção de conchas e moluscos do museu. Morre aos 33 anos, deixando uma vasta obra, e dezenas de trabalhos inacabados, na sua maioria, ainda hoje inéditos.

A exposição procura dar conta da riqueza e singularidade da obra científica de uma personagem que, apesar de autodidata, se notabilizou no seu tempo. É no desenho que se centra a exposição, destacando um ponto comum e permanente nas diversas fases do trabalho de Arruda Furtado: o recurso à ilustração.";http://www.museus.ulisboa.pt/sites/default/files/Promo%20expo.png;http://www.museus.ulisboa.pt/pt-pt/exposicao-arruda-furtado;06/03/2016;31/12/2016;10:00;19:00;Biologia;3
Formas & Fórmulas;0;Museu Nacional de História Natural e da Ciência;Museu Nacional de História Natural e da Ciência;Em 1795 Lagrange referia que “Enquanto a Álgebra e a Geometria estiveram separadas, o seu progresso foi lento e o seu uso limitado, mas uma vez que estas ciências se uniram, elas deram uma à outra um apoio mútuo e rapidamente avançaram juntas para a perfeição”.;http://www.museus.ulisboa.pt/sites/default/files/formas_e_formulas.jpg;http://www.museus.ulisboa.pt/pt-pt/node/77;01/06/2012;31/12/2016;10:00;19:00;Matemática;2
"6th CNC.IBILI PostDoc Forum Symposium: ""Variability and adaptation in neurons and circuits"" - Faculdade de Medicina da UC";1;Faculdade de Medicina da UC;Auditório 2, Subunidade 1 da Faculdade de Medicina da Universidade de Coimbra (mapa);This one-day neuroscience symposium on Variability and adaptation in neurons and circuits will be held on the 1st of June 2016, at the Faculty of Medicine, Health Sciences Campus, University of Coimbra, Portugal (Auditorium 2, subunit 1), just before the 7th ISN Special Neurochemistry Conference on Synaptic function and dysfunction in brain diseases.;http://www.uc.pt/en/fmuc/pf2muc/SymposiaWorkshops/6thCNC.IBILI.Symposium/symposium_logo;http://www.uc.pt/en/fmuc/pf2muc/SymposiaWorkshops/6thCNC.IBILI.Symposium;01/06/2016;01/06/2016;09:00;17:00;Medicina;4
"Seminário de Análise Numérica e Optimização: ""Finite difference methods for the reaction-wave-diffusion equation with distributed order in time"" - Departamento de Matemática da FCTUC";0;Departamento de Matemática da FCTUC;Departamento de Matemática da FCTUC;Oradora: Magda Rebelo (CMA/UNL).;http://www.mat.uc.pt/CMS/media/images/home_01.jpg;https://cmuc.mat.uc.pt/rdonweb/event/showPPSeminar.do?seminarID=1472;01/06/2016;01/06/2016;14:30;15:30;Matemática;4
Clash of the Genomes – Populations as Brands in Personalised Medicine Research;0;Centro de Estudos Sociais Laboratório Associado Universidade de Coimbra;Sala do Piso 3, CES-Coimbra | Graça;During the past five years a number of national and regional initiatives have been launched in the hopes of supporting the development of personalised health care research through the collection and analysis of large numbers of genomes from populations. Larger projects, such as the Genomics England Initiative, as well as the launch of the US Precision Medicine Initiative are paralleled by smaller national and regional initiatives within countries like Denmark, Estonia, Faroe Islands and Finland to collect large numbers of samples from the population, sequence them and then leverage them for biomedical research.;http://www.ces.uc.pt/images/logos-CES-vertical.png;http://www.ces.uc.pt/eventos/index.php?id=14046&id_lingua=1;22/06/2016;22/06/2016;10:00;11:00;Medicina, Biologia;4
"Conferência: ""A História das Ciências no Brasil: Caminhos e Perspectivas"" - Museu da Ciência da UC";0;Organização: Museu da Ciência/UC;Museu da Ciência da Universidade de Coimbra;"Conferencista: Gildo Magalhães dos Santos Filho (Universidade de São Paulo, Brasil).
Ao se tratar da História das Ciências no Brasil, uma primeira indagação é de que ciências estamos a falar. Desde a época da América Portuguesa até os dias atuais, quais são as contribuições científicas e técnicas brasileiras que têm merecido maior atenção por parte dos historiadores? Um outro aspecto é como tem sido levada a cabo a investigação, em termos de fontes e metodologias. Serão apresentados alguns resultados significativos dessa historiografia, que vem se desenvolvendo em termos académicos há cerca de sessenta anos.";http://www.museudaciencia.org/scripts/showImage.php?iid=1504&sample=4;http://www.museudaciencia.org/index.php?module=events&option=&action=&id=642;16/06/2016;16/06/2016;14:30;15:30; ;2
Investigar em Saúde no CES: temas e perspetivas;0;Centro de Estudos Sociais Laboratório Associado Universidade de Coimbra;Sala 2, CES-Coimbra; Existe, hoje, um vasto espetro de investigação na área da saúde no âmbito das ciências sociais, o qual tem vindo a privilegiar diferentes abordagens, focando distintos temas e realidades empíricas, estratégias e/ou tecnologias e intervenções capazes de auxiliar a resolução de problemas concretos. Integrado no VI Ciclo Ciências Sociais e Saúde, este seminário dá voz a alguns dos projetos de investigação em saúde em curso no Centro de Estudos Sociais da Universidade de Coimbra, tanto ao nível dos doutoramentos como dos pós doutoramentos, uma iniciativa que visa, prioritariamente, estabelecer um diálogo abrangente entre diversos temas em análise, sobretudo aqueles que se constituem como desafios e temas críticos para os sistemas de saúde.;http://www.ces.uc.pt/images/logos-CES-vertical.png;http://www.ces.uc.pt/eventos/index.php?id=13694&id_lingua=1;23/06/2016;23/06/2016;14:00;15:00;Medicina;4
